[
    {
        "packageID"      : 2,
        "packageName"    : "com.honeywell.hcm",
        "downloads"      : "5k",
        "applicationName": "HoneyWell Connect Mobile",
        "imageIcon"      : "https://play-lh.googleusercontent.com/v-B2iokgB05WtqRyLWjVfghHweH2bxmv6KZrgdcoBR4-ZWxLSoZ5byeCkM5D5M1yNoM=s360-rw",
        "storeUrl"       : "https://play.google.com/store/apps/details?id=com.honeywell.hcm"
    },
    {
        "packageID"      : 3,
        "packageName"    : "com.honeywell.hbt.impact",
        "downloads"      : "5k",
        "applicationName": "Impact by HoneyWell",
        "imageIcon"      : "https://play-lh.googleusercontent.com/7Zm5PrCwPARjPc_ngCgkf1q_YaM8uq6CxlnUKswAk_bvY9Atms3DICKnmStIZaYKA4OH=s360-rw" ,
        "storeUrl"       : "https://play.google.com/store/apps/details?id=com.honeywell.hbt.impact"
    },
    {
        "packageID"      : 4,
        "packageName"    : "com.honeywell.sps.hwps",
        "downloads"      : "5k",
        "applicationName": "Print Service by Honeywell",
        "imageIcon"      : "https://play-lh.googleusercontent.com/WR4d9-C_ZbmkDUSbQOkmzyKx68BH0SbliScSaOTkOUVj2rk2U5CG70O83isJ1QnStrY=s360-rw",
        "storeUrl"       : "https://play.google.com/store/apps/details?id=com.honeywell.sps.hwps"
    },
    {
        "packageID"      : 5,
        "packageName"    : "com.honeywell.oemconfig",
        "downloads"      : "5k",
        "applicationName": "HoneyWell UMEConnect",
        "imageIcon"      : "https://play-lh.googleusercontent.com/w1JXtCsMOSOfHIoGmgNVgePSQOqGMUgvRICdDwVHIwsWcf7V8I1I537HqbvvnDVTwek=s360-rw",
        "storeUrl"       : "https://play.google.com/store/apps/details?id=com.honeywell.oemconfig"
    },
    {
        "packageID"      : 6,
        "packageName"    : "com.honeywell.unifiedmobileapp",
        "downloads"      : "5k",
        "applicationName": "HoneyWell Secure",
        "imageIcon"      : "https://play-lh.googleusercontent.com/ex7fm8xBSOzeFZorRRl7rVIbvGsolBq3xXIssXFTtbUSvdTzmocO2v_-DLmBLvA-lA=s360-rw",
        "storeUrl"       : "https://play.google.com/store/apps/details?id=com.honeywell.unifiedmobileapp"
    },
    {
        "packageID"      : 7,
        "packageName"    : "com.honeywell.mobile.android.totalComfort",
        "downloads"      : "5k",
        "applicationName": "Total Connect Comfort",
        "imageIcon"      : "https://play-lh.googleusercontent.com/8Ootd-NSEgyZ-F8iZyIWEur1p-vgC5kBMbVr72ehtM5S-FiSOS3IFfLPkvI8UXqbzoU=s360-rw",
        "storeUrl"       : "https://play.google.com/store/apps/details?id=com.honeywell.mobile.android.totalComfort"
    },
    {
        "packageID"      : 8,
        "packageName"    : "com.honeywell.aero.pilotgateway",
        "downloads"      : "5k",
        "applicationName": "HoneyWell Pilot Gateway",
        "imageIcon"      : "https://play-lh.googleusercontent.com/7LMe4x66EPaUOLquH0J_3xhCZItD_ujXbEmrnyQ3L37ehSHQD1DFdWSSLpx2Js4xlZ8=s360-rw",
        "storeUrl"       : "https://play.google.com/store/apps/details?id=com.honeywell.aero.pilotgateway"
    }
]